{"cameraMode":{"drawMode":0,"name":"Shaded","section":"Shading Mode"},"sceneLighting":true,"audioPlay":false,"sceneViewState":{"showFog":true,"showMaterialUpdate":true,"showSkybox":true,"showFlares":true,"showImageEffects":true,"showParticleSystems":true},"in2DMode":false,"pivot":{"x":1.9950249195098878,"y":-0.5197902321815491,"z":0.2844669222831726},"rotation":{"x":-0.007843549363315106,"y":0.9640611410140991,"z":-0.26402154564857485,"w":-0.02864009328186512},"size":9.81069278717041,"orthographic":false}